,Drinking Driver-Involved,Drug Positive Driver-Involved**,Marijuana Positive Driver-Involved**,Other Drug
2008,,,,
2009,0.11617538847768695,0.056576977106778399,0.09277489409939732,0.017756022650926219
2010,-0.14725162776276748,0.065900140177558297,0.10170865552506858,0.024666092201637364
2011,-0.033002654743607598,-0.18245986422061619,-0.2931969060235094,-0.04535686008370083
2012,-0.089103068450039347,0.16275757902686364,0.17762237762237776,0.14913151364764238
2013,0.047154840172296493,0.12275950748129674,-0.059850374064837883,0.29430212347918078
2014,-0.096634908715445611,0.045853912986780217,0.40209790209790192,-0.19723022075963226
2015,-0.080577822311289363,-0.027442384769539221,-0.1007532305991293,0.059928075328739346
2016,0.024257055072164444,0.1181090254055777,0.14467043890503142,0.091252485089463389
