Entity,Code,Year,suicide rate
Germany,DEU,1990,13.66385
Germany,DEU,1991,13.68715
Germany,DEU,1992,13.01187
Germany,DEU,1993,12.24476
Germany,DEU,1994,12.34759
Germany,DEU,1995,12.39623
Germany,DEU,1996,11.75019
Germany,DEU,1997,11.73983
Germany,DEU,1998,11.17164
Germany,DEU,1999,10.62603
Germany,DEU,2000,10.41616
Germany,DEU,2001,10.44023
Germany,DEU,2002,10.30427
Germany,DEU,2003,10.22221
Germany,DEU,2004,9.719625
Germany,DEU,2005,9.211085
